{"cameraMode":{"drawMode":0,"name":"Shaded","section":"Shading Mode"},"sceneLighting":true,"audioPlay":false,"sceneViewState":{"showFog":true,"showMaterialUpdate":false,"showSkybox":true,"showFlares":true,"showImageEffects":true,"showParticleSystems":true},"in2DMode":false,"pivot":{"x":482.06048583984377,"y":278.1473388671875,"z":26.01885986328125},"rotation":{"x":-0.057851843535900119,"y":-0.02964882366359234,"z":0.0017187610501423479,"w":-0.997884213924408},"size":289.2284240722656,"orthographic":false}